<?xml version="1.0" encoding="ISO-8859-1"?>
<metadata>
	<idinfo>
		<citation>
			<citeinfo>
				<origin>Virginia Department of Forestry</origin>
				<pubdate>July 2002</pubdate>
				<title Sync="TRUE">gypmoth_2003</title>
				<geoform Sync="TRUE">vector digital data</geoform>
				<onlink>http://www.dof.state.va.us/gis/datadownload.html</onlink>
				<ftname Sync="TRUE">gypmoth_2003</ftname></citeinfo>
		</citation>
		<descript>
			<abstract>This dataset includes polygons of tree defoliation caused by gypsy moth caterpillars.  They are delimited annually on 1:100,000 scale maps by aerial observers in small aircraft from altitudes of 1000 to 1500 feet above ground level.  Data for this layer were collected 6/03.</abstract>
			<purpose>Defoliation maps are used to evaluate the efficacy of insect suppression efforts, to guide the location of ground surveys, to inform localities of pest population status and trends, and to help analyze spatial patterns and trends.</purpose>
			<supplinf>All defoliation mapped during this survey was moderate to heavy.</supplinf>
			<langdata Sync="TRUE">en</langdata></descript>
		<timeperd>
			<timeinfo>
				<sngdate>
					<caldate>June 2003</caldate>
				</sngdate>
			</timeinfo>
			<current>ground condition</current>
		</timeperd>
		<status>
			<progress>Complete</progress>
			<update>Annually</update>
		</status>
		<spdom>
			<bounding>
				<westbc>-79.976489</westbc>
				<eastbc>-77.919725</eastbc>
				<northbc>39.073431</northbc>
				<southbc>37.404815</southbc>
			</bounding>
			<lboundng><leftbc Sync="TRUE">-65117.803678</leftbc><rightbc Sync="TRUE">156640.473187</rightbc><bottombc Sync="TRUE">162396.873477</bottombc><topbc Sync="TRUE">331655.001779</topbc></lboundng></spdom>
		<keywords>
			<theme>
				<themekt>forest</themekt>
				<themekey>Gypsy Moth</themekey>
				<themekey>Forest</themekey>
				<themekey>Pest</themekey>
				<themekey>defoliation</themekey>
				<themekey>sketchmapping</themekey>
				<themekey>aerial survey</themekey>
				<themekey>forest health</themekey>
			</theme>
			<place>
				<placekey>Virginia</placekey>
				<placekey>Rappahannock</placekey>
				<placekey>Amherst</placekey>
				<placekey>Botetourt</placekey>
				<placekey>Craig</placekey>
				<placekey>Bedford</placekey>
				<placekey>Roanoke</placekey>
				<placekey>Montgomery</placekey>
				<placekey>Franklin</placekey>
				<placekey>Nelson</placekey>
				<placekey>Clarke</placekey>
				<placekey>Shenandoah</placekey>
				<placekey>Rockingham</placekey>
				<placekey>Page</placekey>
				<placekey>Augusta</placekey>
				<placekey>Bath</placekey>
				<placekey>Rockbridge</placekey>
				<placekey>Alleghany</placekey>
			</place>
			<temporal>
				<tempkey>2003</tempkey>
			</temporal>
		</keywords>
		<accconst>Data are available to all interested parties</accconst>
		<useconst>Data are only to be redistributed with accompanying metadata</useconst>
		<ptcontac>
			<cntinfo>
				<cntperp>
					<cntper>Mindia Brown</cntper>
					<cntorg>Virginia Department of Forestry</cntorg>
				</cntperp>
				<cntpos>GIS Manager</cntpos>
				<cntaddr>
					<addrtype>mailing and physical address</addrtype>
					<address>900 Natural Resources Drive, Suite 800</address>
					<city>Charlottesville</city>
					<state>VA</state>
					<postal>22903</postal>
				</cntaddr>
				<cntvoice>(434) 977-6555</cntvoice>
				<cntfax>(434) 296-2369</cntfax>
				<cntemail>brownm@dof.state.va.us</cntemail>
			</cntinfo>
		</ptcontac>
		<datacred>Sketch Mapping was performed by Mike Griffin and Tim Tigner, Pilot was Phil Carpenter.  Jason Braunstein digitized the sketch maps.</datacred>
		<native Sync="TRUE">Microsoft Windows 2000 Version 5.0 (Build 2195) Service Pack 3; ESRI ArcCatalog 8.2.0.700</native>
		<natvform Sync="TRUE">Shapefile</natvform></idinfo>
	<dataqual>
		<complete>Many errors are inherent in aerial sketchmapping.  Observers vary greatly in experience and in tendency to divide or combine contiguous polygons.  Light, weather conditions and terrain have considerable influence on what can be seen and how accurately it can be located.  Different agents can cause the same or similar signature.  Mapping must begin before defoliation is complete because refoliation quickly follows; the first areas to be mapped tend to be underrepresented.  Light defoliation is not distinct enough to delimit.  Small, isolated patches of defoliation are easily overlooked.  Attributes recorded can vary with changes in conditions and information needed.</complete>
		<posacc>
			<horizpa>
				<horizpar>+/- 170 feet</horizpar>
			</horizpa>
		</posacc>
		<lineage>
			<srcinfo>
				<srcscale>100000</srcscale>
			</srcinfo>
			<procstep><procdesc Sync="TRUE">Metadata imported.</procdesc><srcused Sync="TRUE">D:\TEMP\xml6C.tmp</srcused><date Sync="TRUE">20031009</date><time Sync="TRUE">13404300</time></procstep></lineage>
	</dataqual>
	<spdoinfo>
		<direct Sync="TRUE">Vector</direct>
		<ptvctinf>
			<sdtsterm Name="gypmoth_2003">
				<sdtstype Sync="TRUE">G-polygon</sdtstype>
				<ptvctcnt Sync="TRUE">200</ptvctcnt>
			</sdtsterm>
			<esriterm Name="gypmoth_2003"><efeatyp Sync="TRUE">Simple</efeatyp><efeageom Sync="TRUE">Polygon</efeageom><esritopo Sync="TRUE">FALSE</esritopo><efeacnt Sync="TRUE">200</efeacnt><spindex Sync="TRUE">FALSE</spindex><linrefer Sync="TRUE">FALSE</linrefer></esriterm></ptvctinf>
	</spdoinfo>
	<spref>
		<horizsys>
			<planar>
				<mapproj>
					<mapprojn>Lambert Conformal Conic</mapprojn>
					<lambertc>
						<stdparll>37.000000</stdparll>
						<stdparll>39.500000</stdparll>
						<longcm>-79.500000</longcm>
						<latprjo>36.000000</latprjo>
						<feast>0.000000</feast>
						<fnorth>0.000000</fnorth>
					</lambertc>
				</mapproj>
				<planci>
					<plance>coordinate pair</plance>
					<coordrep>
						<absres>0.000512</absres>
						<ordres>0.000512</ordres>
					</coordrep>
					<plandu>meters</plandu>
				</planci>
			</planar>
			<geodetic>
				<horizdn>North American Datum of 1983</horizdn>
				<ellips>Geodetic Reference System 80</ellips>
				<semiaxis>6378137.000000</semiaxis>
				<denflat>298.257222</denflat>
			</geodetic>
		</horizsys>
	</spref>
	<eainfo>
		<detailed Name="gypmoth_2003">
			<enttyp>
				<enttypl Sync="TRUE">gypmoth_2003</enttypl>
				<enttypd>2002 Gypsy Moth Defoliation</enttypd>
				<enttypt Sync="TRUE">Feature Class</enttypt><enttypc Sync="TRUE">200</enttypc></enttyp>
			<attr>
				<attrlabl Sync="TRUE">FID</attrlabl>
				<attrdef Sync="TRUE">Internal feature number.</attrdef>
				<attrdefs Sync="TRUE">ESRI</attrdefs>
				<attrdomv>
					<udom Sync="TRUE">Sequential unique whole numbers that are automatically generated.</udom>
				</attrdomv>
				<attalias Sync="TRUE">FID</attalias><attrtype Sync="TRUE">OID</attrtype><attwidth Sync="TRUE">4</attwidth><atprecis Sync="TRUE">0</atprecis><attscale Sync="TRUE">0</attscale></attr>
			<attr>
				<attrlabl Sync="TRUE">Shape</attrlabl>
				<attrdef Sync="TRUE">Feature geometry.</attrdef>
				<attrdefs Sync="TRUE">ESRI</attrdefs>
				<attrdomv>
					<udom Sync="TRUE">Coordinates defining the features.</udom>
				</attrdomv>
				<attalias Sync="TRUE">Shape</attalias><attrtype Sync="TRUE">Geometry</attrtype><attwidth Sync="TRUE">0</attwidth><atprecis Sync="TRUE">0</atprecis><attscale Sync="TRUE">0</attscale></attr>
			<attr>
				<attrlabl Sync="TRUE">AREA</attrlabl>
				<attrdef>Polygon Area in square meters</attrdef>
				<attalias Sync="TRUE">AREA</attalias><attrtype Sync="TRUE">Number</attrtype><attwidth Sync="TRUE">18</attwidth><atnumdec Sync="TRUE">2</atnumdec></attr>
			<attr>
				<attrlabl Sync="TRUE">COUNTY</attrlabl>
				<attrdef>County within which defoliation poly was mapped</attrdef>
				<attalias Sync="TRUE">COUNTY</attalias><attrtype Sync="TRUE">String</attrtype><attwidth Sync="TRUE">40</attwidth></attr>
			<attr>
				<attrlabl Sync="TRUE">ACRES</attrlabl>
				<attrdef>Polygon area in acres</attrdef>
				<attalias Sync="TRUE">ACRES</attalias><attrtype Sync="TRUE">Number</attrtype><attwidth Sync="TRUE">7</attwidth><atnumdec Sync="TRUE">2</atnumdec></attr>
		</detailed>
	</eainfo>
	<distinfo>
		<resdesc>Downloadable Data</resdesc>
		<distliab>
This information is provided with the understanding that it is not guaranteed to be correct or complete and conclusions drawn from such information are the sole responsibility of the user.

While The Virginia Department of Forestry (DOF) has attempted to ensure that this documentation is accurate and reliable, DOF does not assume liability for any damages caused by inaccuracies in these data or documentation, or as a result of the failure of the data or software to function in a particular manner. DOF makes no warranty, express or implied, as to the accuracy, completeness, or utility of this information, nor does the fact of distribution constitute a warranty.
</distliab>
		<stdorder>
			<digform>
				<digtinfo>
					<transize>0.081</transize>
					<dssize Sync="TRUE">0.087</dssize></digtinfo>
			</digform>
		</stdorder>
	</distinfo>
	<metainfo>
		<metd Sync="TRUE">20031009</metd>
		<metc>
			<cntinfo>
				<cntorgp>
					<cntorg>Virginia Department of Forestry</cntorg>
					<cntper>Mindia Brown</cntper>
				</cntorgp>
				<cntaddr>
					<addrtype>mailing and physical address</addrtype>
					<address>900 Natural Resources Drive, Suite 800</address>
					<city>Charlottesville</city>
					<state>VA</state>
					<postal>22903</postal>
				</cntaddr>
				<cntvoice>(434) 977-6555</cntvoice>
				<cntfax>(434) 296-2369</cntfax>
				<cntemail>brownm@dof.state.va.us</cntemail>
			</cntinfo>
		</metc>
		<metstdn Sync="TRUE">FGDC Content Standards for Digital Geospatial Metadata</metstdn>
		<metstdv Sync="TRUE">FGDC-STD-001-1998</metstdv>
		<mettc Sync="TRUE">local time</mettc>
		<metextns>
			<onlink>http://www.esri.com/metadata/esriprof80.html</onlink>
			<metprof>ESRI Metadata Profile</metprof>
		</metextns>
		<langmeta Sync="TRUE">en</langmeta><metextns><onlink Sync="TRUE">http://www.esri.com/metadata/esriprof80.html</onlink><metprof Sync="TRUE">ESRI Metadata Profile</metprof></metextns></metainfo>
	<Esri><MetaID>{2959D94B-E078-4394-A223-3F4289CC53A8}</MetaID><CreaDate>20031009</CreaDate><CreaTime>13404300</CreaTime><SyncOnce>FALSE</SyncOnce><SyncDate>20031009</SyncDate><SyncTime>13485600</SyncTime><ModDate>20031009</ModDate><ModTime>13485600</ModTime></Esri><dataIdInfo><envirDesc Sync="TRUE">Microsoft Windows 2000 Version 5.0 (Build 2195) Service Pack 3; ESRI ArcCatalog 8.2.0.700</envirDesc><dataLang><languageCode Sync="TRUE" value="en"></languageCode></dataLang><idCitation><resTitle Sync="TRUE">gypmoth_2003</resTitle><presForm><PresFormCd Sync="TRUE" value="005"></PresFormCd></presForm></idCitation><spatRpType><SpatRepTypCd Sync="TRUE" value="001"></SpatRepTypCd></spatRpType><geoBox esriExtentType="native"><westBL Sync="TRUE">-65117.803678</westBL><eastBL Sync="TRUE">156640.473187</eastBL><northBL Sync="TRUE">331655.001779</northBL><southBL Sync="TRUE">162396.873477</southBL><exTypeCode Sync="TRUE">1</exTypeCode></geoBox></dataIdInfo><mdLang><languageCode Sync="TRUE" value="en"></languageCode></mdLang><mdStanName Sync="TRUE">ISO 19115 Geographic Information - Metadata</mdStanName><mdStanVer Sync="TRUE">DIS_ESRI1.0</mdStanVer><mdChar><CharSetCd Sync="TRUE" value="004"></CharSetCd></mdChar><mdHrLv><ScopeCd Sync="TRUE" value="005"></ScopeCd></mdHrLv><mdHrLvName Sync="TRUE">dataset</mdHrLvName><distInfo><distributor><distorTran><onLineSrc><orDesc Sync="TRUE">002</orDesc><linkage Sync="TRUE">file://\\hnfll01\gisdata\working\Health\GypMoth\2003\gypmoth_2003.shp</linkage><protocol Sync="TRUE">Local Area Network</protocol></onLineSrc><transSize Sync="TRUE">0.087</transSize></distorTran><distorFormat><formatName Sync="TRUE">Shapefile</formatName></distorFormat></distributor></distInfo><spatRepInfo><VectSpatRep><topLvl><TopoLevCd Sync="TRUE" value="001"></TopoLevCd></topLvl><geometObjs Name="gypmoth_2003"><geoObjTyp><GeoObjTypCd Sync="TRUE" value="001"></GeoObjTypCd></geoObjTyp><geoObjCnt Sync="TRUE">200</geoObjCnt></geometObjs></VectSpatRep></spatRepInfo><mdDateSt Sync="TRUE">20031009</mdDateSt></metadata>
