<?xml version="1.0"?>
<!--<!DOCTYPE metadata SYSTEM "http://www.esri.com/metadata/esriprof80.dtd">-->
<metadata xml:lang="en"><Esri><CreaDate>20090226</CreaDate><CreaTime>13285800</CreaTime><SyncOnce>FALSE</SyncOnce><DataProperties><lineage><Process Name="DeleteField_3" ToolSource="C:\Program Files\ArcGIS\ArcToolbox\Toolboxes\Data Management Tools.tbx\DeleteField" Date="20080423" Time="150809">DeleteField C:\Share\RPAData\Counties.shp CANPER;CANGRD;PPI;JOIN;RANK;CLASS;METRO C:\Share\RPAData\Counties.shp</Process><Process Name="AddField_4" ToolSource="C:\Program Files\ArcGIS\ArcToolbox\Toolboxes\Data Management Tools.tbx\AddField" Date="20080423" Time="151141">AddField C:\Share\RPAData\Counties.shp CANPER DOUBLE 10 4 # # NON_NULLABLE NON_REQUIRED # C:\Share\RPAData\Counties.shp</Process><Process Name="AddField_5" ToolSource="C:\Program Files\ArcGIS\ArcToolbox\Toolboxes\Data Management Tools.tbx\AddField" Date="20080423" Time="151210">AddField C:\Share\RPAData\Counties.shp IMPPER DOUBLE 10 4 # # NON_NULLABLE NON_REQUIRED # C:\Share\RPAData\Counties.shp</Process></lineage></DataProperties><SyncDate>20090226</SyncDate><SyncTime>14003600</SyncTime><ModDate>20090226</ModDate><ModTime>14003600</ModTime><MetaID>{9F3EDDFA-403D-49E7-B4C3-621CAEEAEE1D}</MetaID></Esri><idinfo><citation><citeinfo><onlink Sync="TRUE">\\PCHP90202PK\G\SYRGISDATA\RPA\RPAData_2_26_09\Counties.shp</onlink><origin>REQUIRED: The name of an organization or individual that developed the data set.</origin><pubdate>REQUIRED: The date when the data set is published or otherwise made available for release.</pubdate><ftname Sync="TRUE">Counties</ftname><geoform Sync="TRUE">vector digital data</geoform><title Sync="TRUE">Counties</title></citeinfo></citation><native Sync="TRUE">Microsoft Windows XP Version 5.1 (Build 2600) Service Pack 2; ESRI ArcCatalog 9.2.6.1500</native><descript><langdata Sync="TRUE">en</langdata><abstract>Version 2/26/09 - Shapefiles may be updated when needed - check for most recent version at http://www.nrs.fs.fed.us/data/urban/

Shapefiles of 2000 US Census geography counties, county subdivisions, and places for CONUS with joined fields from analysis of 2001 NLCD tree canopy, impervious surface, and classfied land cover derived from zonal statistics processing. Field names are coded as follows:

RPA Field Name Reference

Data sources: 1990 and 2000 U.S. Census (tables and shapefiles), 2001 NLCD Canopy, Impervious, and Classified land cover

STFIPS, CTYFIPS, PLCFIPS, CSDFIPS - Census ID/FIPS number
ECOZONE - NLCD 2001 mapping zone id numbers
NAME00 - Official 2000 census designated name in text
POPDEN00 - 2000 census population density - persons/square mile
POPDNCLS - One of 7 population density classes - 0 to 99.9 people per square mile (population density class 1), 100 to 249.9 people per square mile (population density class 2), 250 to 499.9 people per square mile (population density class 3), 500 to 749.9 people per square mile (population density class 4), 750 to 999.9 people per square mile (population density class 5), 1000 to 4999.9 people per square mile (population density class 6), and 5000 or greater people per square mile (population density class 7)
POP1990 - 1990 US Census population
POP2000 - 2000 US Census population

The following values are given in square meters
URBLND00 - Urban land from 2000 US Census 
URBLND90 - Urban land from 1990 (but defined from 2000 urban land definition) 
RURLND00 - Rural land from 2000 census 
RURLND90 - Rural land from 1990 census (using 2000 urban land definition) 
PLCLND00 - Land in incorporated or census designated places in 2000
PLCLND90 - Land in incorporated or census designated places in 1990
PORU00 - Boolean OR of place and urban land in 2000
PORU90 - Boolean OR of place and urban land in 1990
TTLRASAR - Raster GIS based total area of geography 
LNDRASAR - Raster GIS land area (using NLCD 2001 water mask)
WATRASAR - Raster GIS water area (using NLCD 2001 designation of water class 11)
CANOPY - From 2001 NLCD % Tree Canopy Cover - Results of zonal statistics 
IMPRVS - Same as above for impervious 
TPGS - Total potential growing space (for trees), LNDRASAR - IMPVS
NAGS - Net available growing space, TPGS - CANOPY
TDEVELOP - Total developed land (2001 NLCD classes 21-24
TBARREN - Total barren land (2001 NLCD class 31)
TFOREST - Total forest land (2001 NLCD classes 41-43
TSHRUB - Total shrub/scrubland (2001 NLCD class 52
TGRSSHRB - Total grassland herbaceous (2001 NLCD class 71)
TAGRCLTR - Total agricultural lands (2001 NLCD class 81-82)
TWETLND - Total wetland (2001 NLCD classes 90-95)
DEVAGS - net available growing space in developed land
DEVTPGS - total potential growing space in developed land
DEVCAN - Canopy in developed land
Next fields follow format above for remaining land use classes from above until….
CANPER  - CANOPY/LNDRASAR
IMPPER - IMPRVS/LNDRASAR
CANGRD - Calculated for RPA report see reports at http://www.nrs.fs.fed.us/data/urban/
PPI - Calculated for RPA report see reports at http://www.nrs.fs.fed.us/data/urban/

Contact: Eric J. Greenfield, USDA Forest Service Northern Reserach Station Unit 08, Syracuse, NY 
email: ejgreenfield@fs.fed.us
phone: 315-448-3200</abstract><purpose>Data generated to support RPA reporting using 2000 census and 2001 NLCD data -- See reports at http://www.nrs.fs.fed.us/data/urban/</purpose></descript><timeperd><current>2000</current><timeinfo><sngdate><caldate>2/26/09</caldate></sngdate></timeinfo></timeperd><status><progress>Version 2/26/09</progress><update>Will be updated as needed - check for latest version</update></status><spdom><bounding><westbc Sync="TRUE">-127.887285</westbc><eastbc Sync="TRUE">-65.346104</eastbc><northbc Sync="TRUE">51.604785</northbc><southbc Sync="TRUE">22.896667</southbc></bounding><lboundng><leftbc Sync="TRUE">-2356113.740277</leftbc><rightbc Sync="TRUE">2258200.174272</rightbc><bottombc Sync="TRUE">272043.560153</bottombc><topbc Sync="TRUE">3172567.922487</topbc></lboundng></spdom><keywords><theme><themekt>REQUIRED: Reference to a formally registered thesaurus or a similar authoritative source of theme keywords.</themekt><themekey>RPA, Census, NLCD, Tree Cover, Impervious Cover</themekey></theme><place><placekey>CONUS</placekey></place><temporal><tempkey>2000</tempkey></temporal></keywords><accconst>None given data limitations of NLCD 2001 and 2000 Census geography; please refer to the metadata for those two data sets.</accconst><useconst>None given data limitations of NLCD 2001 and 2000 Census geography; please refer to the metadata for those two data sets.</useconst><natvform Sync="TRUE">Shapefile</natvform><ptcontac><cntinfo><cntperp><cntper>Eric J. Greenfield</cntper><cntorg>USDA Forest Service Northern Research Station Unit 08, Syracuse, NY</cntorg></cntperp><cntpos>Forester</cntpos><cntvoice>315-448-3200</cntvoice><cntemail>ejgreenfield@fs.fed.us</cntemail><hours>9am-4pm EST</hours></cntinfo></ptcontac><datacred>Data set is derived from 2000 US Census geography and 2001 NLCD with zonal statistics and compilation by USDA Forest Service Northern Research Station Unit 08, Syracuse, NY</datacred><crossref><citeinfo><title>RPA Data CONUS</title></citeinfo></crossref></idinfo><distInfo><distributor><distorTran><onLineSrc><linkage Sync="TRUE">file://\\PCHP90202PK\G\SYRGISDATA\RPA\RPAData_2_26_09\Counties.shp</linkage><protocol Sync="TRUE">Local Area Network</protocol><orDesc Sync="TRUE">002</orDesc></onLineSrc><transSize Sync="TRUE">11.701</transSize></distorTran><distorFormat><formatName Sync="TRUE">Shapefile</formatName></distorFormat></distributor></distInfo><dataqual><lineage><procstep><date Sync="TRUE">20080423</date><time Sync="TRUE">14543100</time></procstep><srcinfo><srcscale>See metadata for 2000 US Census and 2001 NLCD and reports at http://www.nrs.fs.fed.us/data/urban/</srcscale><typesrc>See metadata for 2000 US Census and 2001 NLCD and reports at http://www.nrs.fs.fed.us/data/urban/</typesrc></srcinfo><procstep><date Sync="TRUE">20090226</date><time Sync="TRUE">13285800</time></procstep></lineage><attracc><attraccr>See metadata for 2000 US Census and 2001 NLCD and reports at http://www.nrs.fs.fed.us/data/urban/</attraccr></attracc><logic>See metadata for 2000 US Census and 2001 NLCD and reports at http://www.nrs.fs.fed.us/data/urban/</logic><complete>See metadata for 2000 US Census and 2001 NLCD and reports at http://www.nrs.fs.fed.us/data/urban/</complete><posacc><horizpa><horizpar>See metadata for 2000 US Census and 2001 NLCD and reports at http://www.nrs.fs.fed.us/data/urban/</horizpar></horizpa><vertacc><vertaccr>See metadata for 2000 US Census and 2001 NLCD and reports at http://www.nrs.fs.fed.us/data/urban/</vertaccr></vertacc></posacc></dataqual><dataIdInfo><envirDesc Sync="TRUE">Microsoft Windows XP Version 5.1 (Build 2600) Service Pack 2; ESRI ArcCatalog 9.2.6.1500</envirDesc><dataLang><languageCode Sync="TRUE" value="en"></languageCode></dataLang><idCitation><resTitle Sync="TRUE">Counties</resTitle><presForm><PresFormCd Sync="TRUE" value="005"></PresFormCd></presForm></idCitation><spatRpType><SpatRepTypCd Sync="TRUE" value="001"></SpatRepTypCd></spatRpType><dataExt><geoEle><GeoBndBox esriExtentType="native"><westBL Sync="TRUE">-2356113.740277</westBL><eastBL Sync="TRUE">2258200.174272</eastBL><northBL Sync="TRUE">3172567.922487</northBL><southBL Sync="TRUE">272043.560153</southBL><exTypeCode Sync="TRUE">1</exTypeCode></GeoBndBox></geoEle></dataExt><geoBox esriExtentType="decdegrees"><westBL Sync="TRUE">-127.887285</westBL><eastBL Sync="TRUE">-65.346104</eastBL><northBL Sync="TRUE">51.604785</northBL><southBL Sync="TRUE">22.896667</southBL><exTypeCode Sync="TRUE">1</exTypeCode></geoBox></dataIdInfo><metainfo><langmeta Sync="TRUE">en</langmeta><metstdn Sync="TRUE">FGDC Content Standards for Digital Geospatial Metadata</metstdn><metstdv Sync="TRUE">FGDC-STD-001-1998</metstdv><mettc Sync="TRUE">local time</mettc><metc><cntinfo><cntorgp><cntper>REQUIRED: The person responsible for the metadata information.</cntper><cntorg>REQUIRED: The organization responsible for the metadata information.</cntorg></cntorgp><cntaddr><addrtype>REQUIRED: The mailing and/or physical address for the organization or individual.</addrtype><city>REQUIRED: The city of the address.</city><state>REQUIRED: The state or province of the address.</state><postal>REQUIRED: The ZIP or other postal code of the address.</postal></cntaddr><cntvoice>REQUIRED: The telephone number by which individuals can speak to the organization or individual.</cntvoice></cntinfo></metc><metd Sync="TRUE">20090226</metd><metextns><onlink Sync="TRUE">http://www.esri.com/metadata/esriprof80.html</onlink><metprof Sync="TRUE">ESRI Metadata Profile</metprof></metextns></metainfo><mdLang><languageCode Sync="TRUE" value="en"></languageCode></mdLang><mdStanName Sync="TRUE">ISO 19115 Geographic Information - Metadata</mdStanName><mdStanVer Sync="TRUE">DIS_ESRI1.0</mdStanVer><mdChar><CharSetCd Sync="TRUE" value="004"></CharSetCd></mdChar><mdHrLv><ScopeCd Sync="TRUE" value="005"></ScopeCd></mdHrLv><mdHrLvName Sync="TRUE">dataset</mdHrLvName><distinfo><resdesc Sync="TRUE">Downloadable Data</resdesc><stdorder><digform><digtinfo><transize Sync="TRUE">11.701</transize><dssize Sync="TRUE">11.701</dssize></digtinfo></digform></stdorder><distrib><cntinfo><cntperp><cntper>Eric J. Greenfield</cntper><cntorg>USDA Forest Service Northern Research Station Unit 08, Syracuse, NY</cntorg></cntperp><cntpos>Forester</cntpos><cntvoice>315-448-3200</cntvoice><cntemail>ejgreenfield@fs.fed.us</cntemail><hours>9-4pm EST</hours></cntinfo></distrib></distinfo><spdoinfo><direct Sync="TRUE">Vector</direct><ptvctinf><esriterm Name="Counties"><efeatyp Sync="TRUE">Simple</efeatyp><efeageom Sync="TRUE">Polygon</efeageom><esritopo Sync="TRUE">FALSE</esritopo><efeacnt Sync="TRUE">3109</efeacnt><spindex Sync="TRUE">FALSE</spindex><linrefer Sync="TRUE">FALSE</linrefer></esriterm><sdtsterm Name="Counties"><sdtstype Sync="TRUE">G-polygon</sdtstype><ptvctcnt Sync="TRUE">3109</ptvctcnt></sdtsterm></ptvctinf></spdoinfo><spref><horizsys><cordsysn><geogcsn Sync="TRUE">GCS_North_American_1983</geogcsn><projcsn Sync="TRUE">USA_Contiguous_Albers_Equal_Area_Conic_USGS_version</projcsn></cordsysn><planar><planci><plance Sync="TRUE">coordinate pair</plance><plandu Sync="TRUE">meters</plandu><coordrep><absres Sync="TRUE">0.000000</absres><ordres Sync="TRUE">0.000000</ordres></coordrep></planci><mapproj><mapprojn Sync="TRUE">Albers Conical Equal Area</mapprojn><albers><stdparll Sync="TRUE">29.500000</stdparll><stdparll Sync="TRUE">45.500000</stdparll><longcm Sync="TRUE">-96.000000</longcm><latprjo Sync="TRUE">23.000000</latprjo><feast Sync="TRUE">0.000000</feast><fnorth Sync="TRUE">0.000000</fnorth></albers></mapproj></planar><geodetic><horizdn Sync="TRUE">North American Datum of 1983</horizdn><ellips Sync="TRUE">Geodetic Reference System 80</ellips><semiaxis Sync="TRUE">6378137.000000</semiaxis><denflat Sync="TRUE">298.257222</denflat></geodetic></horizsys></spref><refSysInfo><RefSystem><refSysID><identCode Sync="TRUE">USA_Contiguous_Albers_Equal_Area_Conic_USGS_version</identCode></refSysID></RefSystem></refSysInfo><spatRepInfo><VectSpatRep><topLvl><TopoLevCd Sync="TRUE" value="001"></TopoLevCd></topLvl><geometObjs Name="Counties"><geoObjTyp><GeoObjTypCd Sync="TRUE" value="001"></GeoObjTypCd></geoObjTyp><geoObjCnt Sync="TRUE">3109</geoObjCnt></geometObjs></VectSpatRep></spatRepInfo><eainfo><detailed Name="Counties"><enttyp><enttypt Sync="TRUE">Feature Class</enttypt><enttypc Sync="TRUE">3109</enttypc><enttypl Sync="TRUE">Counties</enttypl></enttyp><attr><attrlabl Sync="TRUE">FID</attrlabl><attalias Sync="TRUE">FID</attalias><attrtype Sync="TRUE">OID</attrtype><attwidth Sync="TRUE">4</attwidth><atprecis Sync="TRUE">0</atprecis><attscale Sync="TRUE">0</attscale><attrdef Sync="TRUE">Internal feature number.</attrdef><attrdefs Sync="TRUE">ESRI</attrdefs><attrdomv><udom Sync="TRUE">Sequential unique whole numbers that are automatically generated.</udom></attrdomv></attr><attr><attrlabl Sync="TRUE">CANPER</attrlabl><attalias Sync="TRUE">CANPER</attalias><attrtype Sync="TRUE">Number</attrtype><attwidth Sync="TRUE">11</attwidth><atnumdec Sync="TRUE">4</atnumdec></attr><attr><attrlabl Sync="TRUE">Shape</attrlabl><attalias Sync="TRUE">Shape</attalias><attrtype Sync="TRUE">Number</attrtype><attwidth Sync="TRUE">10</attwidth><attrdef Sync="TRUE">Feature geometry.</attrdef><attrdefs Sync="TRUE">ESRI</attrdefs><attrdomv><udom Sync="TRUE">Coordinates defining the features.</udom></attrdomv></attr><attr><attrlabl Sync="TRUE">STFIPS</attrlabl><attalias Sync="TRUE">STFIPS</attalias><attrtype Sync="TRUE">Number</attrtype><attwidth Sync="TRUE">4</attwidth></attr><attr><attrlabl Sync="TRUE">CTYFIPS</attrlabl><attalias Sync="TRUE">CTYFIPS</attalias><attrtype Sync="TRUE">Number</attrtype><attwidth Sync="TRUE">4</attwidth></attr><attr><attrlabl Sync="TRUE">NAME00</attrlabl><attalias Sync="TRUE">NAME00</attalias><attrtype Sync="TRUE">String</attrtype><attwidth Sync="TRUE">50</attwidth></attr><attr><attrlabl Sync="TRUE">STCTY</attrlabl><attalias Sync="TRUE">STCTY</attalias><attrtype Sync="TRUE">Number</attrtype><attwidth Sync="TRUE">4</attwidth></attr><attr><attrlabl Sync="TRUE">TTLSML00</attrlabl><attalias Sync="TRUE">TTLSML00</attalias><attrtype Sync="TRUE">Number</attrtype><attwidth Sync="TRUE">19</attwidth><atnumdec Sync="TRUE">6</atnumdec></attr><attr><attrlabl Sync="TRUE">C00LASML</attrlabl><attalias Sync="TRUE">C00LASML</attalias><attrtype Sync="TRUE">Number</attrtype><attwidth Sync="TRUE">19</attwidth><atnumdec Sync="TRUE">6</atnumdec></attr><attr><attrlabl Sync="TRUE">ECOZONE</attrlabl><attalias Sync="TRUE">ECOZONE</attalias><attrtype Sync="TRUE">Number</attrtype><attwidth Sync="TRUE">19</attwidth><atnumdec Sync="TRUE">6</atnumdec></attr><attr><attrlabl Sync="TRUE">POPDEN00</attrlabl><attalias Sync="TRUE">POPDEN00</attalias><attrtype Sync="TRUE">Number</attrtype><attwidth Sync="TRUE">19</attwidth><atnumdec Sync="TRUE">6</atnumdec></attr><attr><attrlabl Sync="TRUE">POPDNCLS</attrlabl><attalias Sync="TRUE">POPDNCLS</attalias><attrtype Sync="TRUE">Number</attrtype><attwidth Sync="TRUE">4</attwidth></attr><attr><attrlabl Sync="TRUE">POP1990</attrlabl><attalias Sync="TRUE">POP1990</attalias><attrtype Sync="TRUE">Number</attrtype><attwidth Sync="TRUE">19</attwidth></attr><attr><attrlabl Sync="TRUE">POP2000</attrlabl><attalias Sync="TRUE">POP2000</attalias><attrtype Sync="TRUE">Number</attrtype><attwidth Sync="TRUE">19</attwidth></attr><attr><attrlabl Sync="TRUE">URBLND00</attrlabl><attalias Sync="TRUE">URBLND00</attalias><attrtype Sync="TRUE">Number</attrtype><attwidth Sync="TRUE">19</attwidth></attr><attr><attrlabl Sync="TRUE">URBLND90</attrlabl><attalias Sync="TRUE">URBLND90</attalias><attrtype Sync="TRUE">Number</attrtype><attwidth Sync="TRUE">19</attwidth></attr><attr><attrlabl Sync="TRUE">RURLND00</attrlabl><attalias Sync="TRUE">RURLND00</attalias><attrtype Sync="TRUE">Number</attrtype><attwidth Sync="TRUE">19</attwidth></attr><attr><attrlabl Sync="TRUE">RURLND90</attrlabl><attalias Sync="TRUE">RURLND90</attalias><attrtype Sync="TRUE">Number</attrtype><attwidth Sync="TRUE">19</attwidth></attr><attr><attrlabl Sync="TRUE">PLCLND00</attrlabl><attalias Sync="TRUE">PLCLND00</attalias><attrtype Sync="TRUE">Number</attrtype><attwidth Sync="TRUE">19</attwidth></attr><attr><attrlabl Sync="TRUE">PLCLND90</attrlabl><attalias Sync="TRUE">PLCLND90</attalias><attrtype Sync="TRUE">Number</attrtype><attwidth Sync="TRUE">19</attwidth></attr><attr><attrlabl Sync="TRUE">PORU00</attrlabl><attalias Sync="TRUE">PORU00</attalias><attrtype Sync="TRUE">Number</attrtype><attwidth Sync="TRUE">19</attwidth></attr><attr><attrlabl Sync="TRUE">PORU90</attrlabl><attalias Sync="TRUE">PORU90</attalias><attrtype Sync="TRUE">Number</attrtype><attwidth Sync="TRUE">19</attwidth></attr><attr><attrlabl Sync="TRUE">TTLRASAR</attrlabl><attalias Sync="TRUE">TTLRASAR</attalias><attrtype Sync="TRUE">Number</attrtype><attwidth Sync="TRUE">19</attwidth></attr><attr><attrlabl Sync="TRUE">LNDRASAR</attrlabl><attalias Sync="TRUE">LNDRASAR</attalias><attrtype Sync="TRUE">Number</attrtype><attwidth Sync="TRUE">19</attwidth></attr><attr><attrlabl Sync="TRUE">WATRASAR</attrlabl><attalias Sync="TRUE">WATRASAR</attalias><attrtype Sync="TRUE">Number</attrtype><attwidth Sync="TRUE">19</attwidth></attr><attr><attrlabl Sync="TRUE">CANOPY</attrlabl><attalias Sync="TRUE">CANOPY</attalias><attrtype Sync="TRUE">Number</attrtype><attwidth Sync="TRUE">19</attwidth></attr><attr><attrlabl Sync="TRUE">IMPRVS</attrlabl><attalias Sync="TRUE">IMPRVS</attalias><attrtype Sync="TRUE">Number</attrtype><attwidth Sync="TRUE">19</attwidth></attr><attr><attrlabl Sync="TRUE">TPGS</attrlabl><attalias Sync="TRUE">TPGS</attalias><attrtype Sync="TRUE">Number</attrtype><attwidth Sync="TRUE">19</attwidth></attr><attr><attrlabl Sync="TRUE">NAGS</attrlabl><attalias Sync="TRUE">NAGS</attalias><attrtype Sync="TRUE">Number</attrtype><attwidth Sync="TRUE">19</attwidth></attr><attr><attrlabl Sync="TRUE">TDEVELOP</attrlabl><attalias Sync="TRUE">TDEVELOP</attalias><attrtype Sync="TRUE">Number</attrtype><attwidth Sync="TRUE">19</attwidth></attr><attr><attrlabl Sync="TRUE">TBARREN</attrlabl><attalias Sync="TRUE">TBARREN</attalias><attrtype Sync="TRUE">Number</attrtype><attwidth Sync="TRUE">19</attwidth></attr><attr><attrlabl Sync="TRUE">TFOREST</attrlabl><attalias Sync="TRUE">TFOREST</attalias><attrtype Sync="TRUE">Number</attrtype><attwidth Sync="TRUE">19</attwidth></attr><attr><attrlabl Sync="TRUE">TSHRUB</attrlabl><attalias Sync="TRUE">TSHRUB</attalias><attrtype Sync="TRUE">Number</attrtype><attwidth Sync="TRUE">19</attwidth></attr><attr><attrlabl Sync="TRUE">TGRSSHRB</attrlabl><attalias Sync="TRUE">TGRSSHRB</attalias><attrtype Sync="TRUE">Number</attrtype><attwidth Sync="TRUE">19</attwidth></attr><attr><attrlabl Sync="TRUE">TAGRCLTR</attrlabl><attalias Sync="TRUE">TAGRCLTR</attalias><attrtype Sync="TRUE">Number</attrtype><attwidth Sync="TRUE">19</attwidth></attr><attr><attrlabl Sync="TRUE">TWETLND</attrlabl><attalias Sync="TRUE">TWETLND</attalias><attrtype Sync="TRUE">Number</attrtype><attwidth Sync="TRUE">19</attwidth></attr><attr><attrlabl Sync="TRUE">DEVAGS</attrlabl><attalias Sync="TRUE">DEVAGS</attalias><attrtype Sync="TRUE">Number</attrtype><attwidth Sync="TRUE">19</attwidth></attr><attr><attrlabl Sync="TRUE">DEVTPGS</attrlabl><attalias Sync="TRUE">DEVTPGS</attalias><attrtype Sync="TRUE">Number</attrtype><attwidth Sync="TRUE">19</attwidth></attr><attr><attrlabl Sync="TRUE">DEVCAN</attrlabl><attalias Sync="TRUE">DEVCAN</attalias><attrtype Sync="TRUE">Number</attrtype><attwidth Sync="TRUE">19</attwidth></attr><attr><attrlabl Sync="TRUE">BARAGS</attrlabl><attalias Sync="TRUE">BARAGS</attalias><attrtype Sync="TRUE">Number</attrtype><attwidth Sync="TRUE">19</attwidth></attr><attr><attrlabl Sync="TRUE">BARTPGS</attrlabl><attalias Sync="TRUE">BARTPGS</attalias><attrtype Sync="TRUE">Number</attrtype><attwidth Sync="TRUE">19</attwidth></attr><attr><attrlabl Sync="TRUE">BARCAN</attrlabl><attalias Sync="TRUE">BARCAN</attalias><attrtype Sync="TRUE">Number</attrtype><attwidth Sync="TRUE">19</attwidth></attr><attr><attrlabl Sync="TRUE">FORAGS</attrlabl><attalias Sync="TRUE">FORAGS</attalias><attrtype Sync="TRUE">Number</attrtype><attwidth Sync="TRUE">19</attwidth></attr><attr><attrlabl Sync="TRUE">FORTPGS</attrlabl><attalias Sync="TRUE">FORTPGS</attalias><attrtype Sync="TRUE">Number</attrtype><attwidth Sync="TRUE">19</attwidth></attr><attr><attrlabl Sync="TRUE">FORCAN</attrlabl><attalias Sync="TRUE">FORCAN</attalias><attrtype Sync="TRUE">Number</attrtype><attwidth Sync="TRUE">19</attwidth></attr><attr><attrlabl Sync="TRUE">SHBAGS</attrlabl><attalias Sync="TRUE">SHBAGS</attalias><attrtype Sync="TRUE">Number</attrtype><attwidth Sync="TRUE">19</attwidth></attr><attr><attrlabl Sync="TRUE">SHBTPGS</attrlabl><attalias Sync="TRUE">SHBTPGS</attalias><attrtype Sync="TRUE">Number</attrtype><attwidth Sync="TRUE">19</attwidth></attr><attr><attrlabl Sync="TRUE">SHBCAN</attrlabl><attalias Sync="TRUE">SHBCAN</attalias><attrtype Sync="TRUE">Number</attrtype><attwidth Sync="TRUE">19</attwidth></attr><attr><attrlabl Sync="TRUE">GRSAGS</attrlabl><attalias Sync="TRUE">GRSAGS</attalias><attrtype Sync="TRUE">Number</attrtype><attwidth Sync="TRUE">19</attwidth></attr><attr><attrlabl Sync="TRUE">GRSTPGS</attrlabl><attalias Sync="TRUE">GRSTPGS</attalias><attrtype Sync="TRUE">Number</attrtype><attwidth Sync="TRUE">19</attwidth></attr><attr><attrlabl Sync="TRUE">GRSCAN</attrlabl><attalias Sync="TRUE">GRSCAN</attalias><attrtype Sync="TRUE">Number</attrtype><attwidth Sync="TRUE">19</attwidth></attr><attr><attrlabl Sync="TRUE">AGAGS</attrlabl><attalias Sync="TRUE">AGAGS</attalias><attrtype Sync="TRUE">Number</attrtype><attwidth Sync="TRUE">19</attwidth></attr><attr><attrlabl Sync="TRUE">AGTPGS</attrlabl><attalias Sync="TRUE">AGTPGS</attalias><attrtype Sync="TRUE">Number</attrtype><attwidth Sync="TRUE">19</attwidth></attr><attr><attrlabl Sync="TRUE">AGCAN</attrlabl><attalias Sync="TRUE">AGCAN</attalias><attrtype Sync="TRUE">Number</attrtype><attwidth Sync="TRUE">19</attwidth></attr><attr><attrlabl Sync="TRUE">WETAGS</attrlabl><attalias Sync="TRUE">WETAGS</attalias><attrtype Sync="TRUE">Number</attrtype><attwidth Sync="TRUE">19</attwidth></attr><attr><attrlabl Sync="TRUE">WETTPGS</attrlabl><attalias Sync="TRUE">WETTPGS</attalias><attrtype Sync="TRUE">Number</attrtype><attwidth Sync="TRUE">19</attwidth></attr><attr><attrlabl Sync="TRUE">WETCAN</attrlabl><attalias Sync="TRUE">WETCAN</attalias><attrtype Sync="TRUE">Number</attrtype><attwidth Sync="TRUE">19</attwidth></attr><attr><attrlabl Sync="TRUE">C00WASML</attrlabl><attalias Sync="TRUE">C00WASML</attalias><attrtype Sync="TRUE">Number</attrtype><attwidth Sync="TRUE">15</attwidth><atnumdec Sync="TRUE">4</atnumdec></attr><attr><attrlabl Sync="TRUE">CANGRD</attrlabl><attalias Sync="TRUE">CANGRD</attalias><attrtype Sync="TRUE">String</attrtype><attwidth Sync="TRUE">20</attwidth></attr><attr><attrlabl Sync="TRUE">PPI</attrlabl><attalias Sync="TRUE">PPI</attalias><attrtype Sync="TRUE">Number</attrtype><attwidth Sync="TRUE">8</attwidth><atnumdec Sync="TRUE">1</atnumdec></attr><attr><attrlabl Sync="TRUE">JOIN</attrlabl><attalias Sync="TRUE">JOIN</attalias><attrtype Sync="TRUE">Number</attrtype><attwidth Sync="TRUE">9</attwidth><atnumdec Sync="TRUE">4</atnumdec></attr><attr><attrlabl Sync="TRUE">RANK</attrlabl><attalias Sync="TRUE">RANK</attalias><attrtype Sync="TRUE">Number</attrtype><attwidth Sync="TRUE">17</attwidth><atnumdec Sync="TRUE">6</atnumdec></attr><attr><attrlabl Sync="TRUE">CLASS</attrlabl><attalias Sync="TRUE">CLASS</attalias><attrtype Sync="TRUE">Number</attrtype><attwidth Sync="TRUE">4</attwidth></attr><attr><attrlabl Sync="TRUE">METRO</attrlabl><attalias Sync="TRUE">METRO</attalias><attrtype Sync="TRUE">Number</attrtype><attwidth Sync="TRUE">2</attwidth></attr></detailed></eainfo><mdDateSt Sync="TRUE">20090226</mdDateSt></metadata>
