<?xml version="1.0"?>
<!--<!DOCTYPE metadata SYSTEM "http://www.esri.com/metadata/esriprof80.dtd">-->
<metadata xml:lang="en"><Esri><CreaDate>20060714</CreaDate><CreaTime>13475300</CreaTime><SyncOnce>FALSE</SyncOnce><SyncDate>20060112</SyncDate><SyncTime>10505400</SyncTime><ModDate>20060112</ModDate><ModTime>10511000</ModTime><MetaID>{57998B0A-5DB3-4BB5-B8E6-BFC21B920CA8}</MetaID></Esri><idinfo><native Sync="TRUE">Microsoft Windows 2000 Version 5.0 (Build 2195) Service Pack 4; ESRI ArcCatalog 9.0.0.535</native><descript><langdata Sync="TRUE">en</langdata><abstract>Polygon coverage of George Washington and Jefferson National Forests - National Forest Ownerships (Original Coverage from Tennessee Valley Authority - 1992).</abstract><purpose>To maintain National Forest Ownerships inventory for the George Washington and Jefferson National Forests.</purpose><supplinf>Digital data capture is by manual digitizing which carries inherent precision and accuracy limitations. The data may not meet National Map Accuracy Standards.</supplinf></descript><citation><citeinfo><origin>George Washington and Jefferson National Forest</origin><pubdate>Unknown</pubdate><title Sync="TRUE">nfown</title><ftname Sync="TRUE">nfown</ftname><geoform>map</geoform><onlink>URL:http://www.fs.fed.us/gwjnf/ftp</onlink><pubtime>Unknown</pubtime><serinfo><sername>None</sername><issue>None</issue></serinfo><pubinfo><pubplace>Roanoke, Virginia</pubplace><publish>George Washington and Jefferson National Forests</publish></pubinfo><othercit>None</othercit></citeinfo></citation><timeperd><current>Various</current><timeinfo><sngdate><caldate>unknown</caldate><time>unknown</time></sngdate></timeinfo></timeperd><status><progress>Complete</progress><update>As needed</update></status><spdom><bounding><westbc Sync="TRUE">-83.040671</westbc><eastbc Sync="TRUE">-78.280470</eastbc><northbc Sync="TRUE">39.162999</northbc><southbc Sync="TRUE">36.559941</southbc></bounding><lboundng><leftbc Sync="TRUE">323648.662398</leftbc><rightbc Sync="TRUE">735071.289562</rightbc><bottombc Sync="TRUE">4049267.901683</bottombc><topbc Sync="TRUE">4334864.974467</topbc></lboundng></spdom><keywords><theme><themekt>None</themekt><themekey>nfown_orig</themekey></theme><place><placekt>None</placekt><placekey>George Washington and Jefferson National Forests</placekey></place></keywords><accconst>None</accconst><useconst>It is the responsibility of the data user to use the data appropriately and in accordance with the limitations of geospatial data in general and these data in particular.  These data are not recommended to be used with data at scales larger than 1:24,000.</useconst><natvform Sync="TRUE">ArcInfo Coverage</natvform><ptcontac><cntinfo><cntperp><cntper>James O'Hear</cntper><cntorg>George Wasington and Jefferson National Forests</cntorg></cntperp><cntpos>Geograhper (GIS Database Administrator)</cntpos><cntaddr><addrtype>mailing and physical address</addrtype><address>401 Oakwood Drive</address><city>Harrisonburg</city><state>Virginia</state><postal>22801</postal><country>United States of America</country></cntaddr><cntvoice>(540) 432-8266</cntvoice><cntfax>(540) 432-1917</cntfax><cntemail>johear/r8_gwjeff_dryriver@fs.fed.us</cntemail><hours>9:00 AM to 16:00 PM (Mon thru Friday)</hours><cntinst>Contact via email.</cntinst></cntinfo></ptcontac><crossref><citeinfo><origin>George Washington and Jefferson National Forests</origin><pubdate>Unknown</pubdate><pubtime>Unknown</pubtime><title>nfown_orig</title><geoform>map</geoform><serinfo><sername>USGS 7.5 Minute Topographic</sername><issue>Unknown</issue></serinfo><pubinfo><pubplace>Reston, Virginia</pubplace><publish>USGS</publish></pubinfo><othercit>None</othercit><onlink>URL:http://www.fs.fed.us/gwjnf/ftp</onlink></citeinfo></crossref><datacred>Special thanks to Tennessee Valley Authority, Norris, TN for the initial digitizing of this data set.</datacred></idinfo><metainfo><langmeta Sync="TRUE">en</langmeta><metstdn Sync="TRUE">FGDC Content Standards for Digital Geospatial Metadata</metstdn><metstdv Sync="TRUE">FGDC-STD-001-1998</metstdv><mettc Sync="TRUE">local time</mettc><metc><cntinfo><cntorgp><cntper>James O'Hear</cntper><cntorg>George Washington and Jefferson National Forests</cntorg></cntorgp><cntaddr><addrtype>mailing and physical address</addrtype><city>Harrisonburg</city><state>Virginia</state><postal>22801</postal><address>401 Oakwood Drive</address><country>United States of America</country></cntaddr><cntvoice>(540) 432-8266</cntvoice><cntpos>Geograhper (GIS Database Administrator)</cntpos><cntfax>(540) 432-1917</cntfax><cntemail>johear/r8_gwjeff_dryriver@fs.fed.us</cntemail><hours>9:00 AM - 16:00 PM (Mon thru Friday)</hours><cntinst>Contact via email.</cntinst></cntinfo></metc><metd Sync="TRUE">20060112</metd><metrd>As needed</metrd><metfrd>As needed</metfrd><metac>None</metac><metuc>None</metuc><metextns><onlink Sync="TRUE">http://www.esri.com/metadata/esriprof80.html</onlink><metprof Sync="TRUE">ESRI Metadata Profile</metprof></metextns></metainfo><spdoinfo><direct Sync="TRUE">Vector</direct><ptvctinf><esriterm Name="arc"><efeatyp Sync="TRUE">Simple</efeatyp><efeageom Sync="TRUE">Arc</efeageom><esritopo Sync="TRUE">TRUE</esritopo><efeacnt Sync="TRUE">53738</efeacnt><spindex Sync="TRUE">FALSE</spindex><linrefer Sync="TRUE">FALSE</linrefer></esriterm><sdtsterm Name="arc"><sdtstype Sync="TRUE">Complete chain</sdtstype><ptvctcnt Sync="TRUE">53738</ptvctcnt></sdtsterm><esriterm Name="label"><efeatyp Sync="TRUE">Simple</efeatyp><efeageom Sync="TRUE">Label</efeageom><esritopo Sync="TRUE">FALSE</esritopo><efeacnt Sync="TRUE">799</efeacnt><spindex Sync="TRUE">FALSE</spindex><linrefer Sync="TRUE">FALSE</linrefer></esriterm><sdtsterm Name="label"><sdtstype Sync="TRUE">Label point</sdtstype><ptvctcnt Sync="TRUE">799</ptvctcnt></sdtsterm><esriterm Name="polygon"><efeatyp Sync="TRUE">Simple</efeatyp><efeageom Sync="TRUE">Polygon</efeageom><esritopo Sync="TRUE">TRUE</esritopo><efeacnt Sync="TRUE">799</efeacnt><spindex Sync="TRUE">FALSE</spindex><linrefer Sync="TRUE">FALSE</linrefer></esriterm><sdtsterm Name="polygon"><sdtstype Sync="TRUE">GT-polygon composed of chains</sdtstype><ptvctcnt Sync="TRUE">799</ptvctcnt></sdtsterm><esriterm Name="node"><efeatyp Sync="TRUE">Simple</efeatyp><efeageom Sync="TRUE">Node</efeageom><esritopo Sync="TRUE">TRUE</esritopo><efeacnt Sync="TRUE">53500</efeacnt><spindex Sync="TRUE">FALSE</spindex><linrefer Sync="TRUE">FALSE</linrefer></esriterm><sdtsterm Name="node"><sdtstype Sync="TRUE">Node, planar graph</sdtstype><ptvctcnt Sync="TRUE">53500</ptvctcnt></sdtsterm><esriterm Name="tic"><efeatyp Sync="TRUE">Simple</efeatyp><efeageom Sync="TRUE">Tic</efeageom><esritopo Sync="TRUE">FALSE</esritopo><efeacnt Sync="TRUE">1606</efeacnt><spindex Sync="TRUE">FALSE</spindex><linrefer Sync="TRUE">FALSE</linrefer></esriterm><sdtsterm Name="tic"><sdtstype Sync="TRUE">Point</sdtstype><ptvctcnt Sync="TRUE">1606</ptvctcnt></sdtsterm><esriterm Name="annotation"><efeatyp Sync="TRUE"></efeatyp><efeageom Sync="TRUE">Annotation</efeageom><esritopo Sync="TRUE">FALSE</esritopo><efeacnt Sync="TRUE">0</efeacnt><spindex Sync="TRUE">FALSE</spindex><linrefer Sync="TRUE">FALSE</linrefer></esriterm><sdtsterm Name="annotation"><sdtstype Sync="TRUE">Label point</sdtstype><ptvctcnt Sync="TRUE">0</ptvctcnt></sdtsterm></ptvctinf></spdoinfo><spref><horizsys><cordsysn><geogcsn Sync="TRUE">GCS_North_American_1983</geogcsn><projcsn Sync="TRUE">NAD_1983_UTM_Zone_17N</projcsn></cordsysn><planar><planci><plance Sync="TRUE">coordinate pair</plance><plandu Sync="TRUE">meters</plandu><coordrep><absres Sync="TRUE">0.002993</absres><ordres Sync="TRUE">0.002993</ordres></coordrep></planci><gridsys><gridsysn Sync="TRUE">Universal Transverse Mercator</gridsysn><utm><utmzone Sync="TRUE">17</utmzone><transmer><sfctrmer Sync="TRUE">0.999600</sfctrmer><longcm Sync="TRUE">-81.000000</longcm><latprjo Sync="TRUE">0.000000</latprjo><feast Sync="TRUE">500000.000000</feast><fnorth Sync="TRUE">0.000000</fnorth></transmer></utm></gridsys></planar><geodetic><horizdn Sync="TRUE">North American Datum of 1983</horizdn><ellips Sync="TRUE">Geodetic Reference System 80</ellips><semiaxis Sync="TRUE">6378137.000000</semiaxis><denflat Sync="TRUE">298.257222</denflat></geodetic></horizsys></spref><eainfo><detailed Name="nfown.pat"><enttyp><enttypl Sync="TRUE">nfown.pat</enttypl><enttypt Sync="TRUE">Feature Class</enttypt><enttypc Sync="TRUE">799</enttypc></enttyp><attr><attrlabl Sync="TRUE">FID</attrlabl><attalias Sync="TRUE">FID</attalias><attrtype Sync="TRUE">OID</attrtype><attwidth Sync="TRUE">4</attwidth><atprecis Sync="TRUE">0</atprecis><attscale Sync="TRUE">0</attscale><attrdef Sync="TRUE">Internal feature number.</attrdef><attrdefs Sync="TRUE">ESRI</attrdefs><attrdomv><udom Sync="TRUE">Sequential unique whole numbers that are automatically generated.</udom></attrdomv></attr><attr><attrlabl Sync="TRUE">Shape</attrlabl><attalias Sync="TRUE">Shape</attalias><attrtype Sync="TRUE">Geometry</attrtype><attwidth Sync="TRUE">0</attwidth><atprecis Sync="TRUE">0</atprecis><attscale Sync="TRUE">0</attscale><attrdef Sync="TRUE">Feature geometry.</attrdef><attrdefs Sync="TRUE">ESRI</attrdefs><attrdomv><udom Sync="TRUE">Coordinates defining the features.</udom></attrdomv></attr><attr><attrlabl Sync="TRUE">AREA</attrlabl><attwidth Sync="TRUE">8</attwidth><atoutwid Sync="TRUE">18</atoutwid><attrtype Sync="TRUE">Float</attrtype><attrdef Sync="TRUE">Area of feature in internal units squared.</attrdef><attrdefs Sync="TRUE">ESRI</attrdefs><attrdomv><udom Sync="TRUE">Positive real numbers that are automatically generated.</udom></attrdomv><atnumdec Sync="TRUE">5</atnumdec></attr><attr><attrlabl Sync="TRUE">PERIMETER</attrlabl><attwidth Sync="TRUE">8</attwidth><atoutwid Sync="TRUE">18</atoutwid><attrtype Sync="TRUE">Float</attrtype><attrdef Sync="TRUE">Perimeter of feature in internal units.</attrdef><attrdefs Sync="TRUE">ESRI</attrdefs><attrdomv><udom Sync="TRUE">Positive real numbers that are automatically generated.</udom></attrdomv><atnumdec Sync="TRUE">5</atnumdec></attr><attr><attrlabl Sync="TRUE">NFOWN#</attrlabl><attwidth Sync="TRUE">4</attwidth><atoutwid Sync="TRUE">5</atoutwid><attrtype Sync="TRUE">Binary</attrtype><attrdef Sync="TRUE">Internal feature number.</attrdef><attrdefs Sync="TRUE">ESRI</attrdefs><attrdomv><udom Sync="TRUE">Sequential unique whole numbers that are automatically generated.</udom></attrdomv></attr><attr><attrlabl Sync="TRUE">NFOWN-ID</attrlabl><attwidth Sync="TRUE">4</attwidth><atoutwid Sync="TRUE">5</atoutwid><attrtype Sync="TRUE">Binary</attrtype><attrdef Sync="TRUE">User-defined feature number.</attrdef><attrdefs Sync="TRUE">ESRI</attrdefs><attrdomv><udom Sync="TRUE">Whole numbers that are automatically generated.</udom></attrdomv></attr><attr><attrlabl Sync="TRUE">MANAGED</attrlabl><attwidth Sync="TRUE">30</attwidth><atoutwid Sync="TRUE">30</atoutwid><attrtype Sync="TRUE">Character</attrtype><atnumdec Sync="TRUE">5</atnumdec><attrdef Sync="TRUE">Length of feature in internal units.</attrdef><attrdefs Sync="TRUE">ESRI</attrdefs><attrdomv><udom Sync="TRUE">Positive real numbers that are automatically generated.</udom></attrdomv></attr><attr><attrlabl Sync="TRUE">FOREST</attrlabl><attwidth Sync="TRUE">4</attwidth><atoutwid Sync="TRUE">4</atoutwid><attrtype Sync="TRUE">Character</attrtype><attrdef Sync="TRUE">Internal feature number.</attrdef><attrdefs Sync="TRUE">ESRI</attrdefs><attrdomv><udom Sync="TRUE">Sequential unique whole numbers that are automatically generated.</udom></attrdomv></attr><attr><attrlabl Sync="TRUE">NFOWN-ID</attrlabl><attwidth Sync="TRUE">4</attwidth><atoutwid Sync="TRUE">5</atoutwid><attrtype Sync="TRUE">Binary</attrtype><attrdef Sync="TRUE">User-defined feature number.</attrdef><attrdefs Sync="TRUE">ESRI</attrdefs></attr><attr><attrlabl Sync="TRUE">ADMIN</attrlabl><attwidth Sync="TRUE">1</attwidth><atoutwid Sync="TRUE">1</atoutwid><attrtype Sync="TRUE">Integer</attrtype></attr><attr><attrlabl Sync="TRUE">COMP</attrlabl><attwidth Sync="TRUE">1</attwidth><atoutwid Sync="TRUE">1</atoutwid><attrtype Sync="TRUE">Integer</attrtype></attr><attr><attrlabl Sync="TRUE">ROAD</attrlabl><attwidth Sync="TRUE">1</attwidth><atoutwid Sync="TRUE">1</atoutwid><attrtype Sync="TRUE">Integer</attrtype></attr><attr><attrlabl Sync="TRUE">RRS</attrlabl><attwidth Sync="TRUE">1</attwidth><atoutwid Sync="TRUE">1</atoutwid><attrtype Sync="TRUE">Integer</attrtype></attr><attr><attrlabl Sync="TRUE">SRFO</attrlabl><attwidth Sync="TRUE">1</attwidth><atoutwid Sync="TRUE">1</atoutwid><attrtype Sync="TRUE">Integer</attrtype></attr><attr><attrlabl Sync="TRUE">STND</attrlabl><attwidth Sync="TRUE">1</attwidth><atoutwid Sync="TRUE">1</atoutwid><attrtype Sync="TRUE">Integer</attrtype></attr><attr><attrlabl Sync="TRUE">STRM</attrlabl><attwidth Sync="TRUE">1</attwidth><atoutwid Sync="TRUE">1</atoutwid><attrtype Sync="TRUE">Integer</attrtype></attr><attr><attrlabl Sync="TRUE">SUBO</attrlabl><attwidth Sync="TRUE">1</attwidth><atoutwid Sync="TRUE">1</atoutwid><attrtype Sync="TRUE">Integer</attrtype></attr><attr><attrlabl Sync="TRUE">TRL</attrlabl><attwidth Sync="TRUE">1</attwidth><atoutwid Sync="TRUE">1</atoutwid><attrtype Sync="TRUE">Integer</attrtype></attr><attr><attrlabl Sync="TRUE">UTIL</attrlabl><attwidth Sync="TRUE">1</attwidth><atoutwid Sync="TRUE">1</atoutwid><attrtype Sync="TRUE">Integer</attrtype></attr><attr><attrlabl Sync="TRUE">WATR</attrlabl><attwidth Sync="TRUE">1</attwidth><atoutwid Sync="TRUE">1</atoutwid><attrtype Sync="TRUE">Integer</attrtype></attr><attr><attrlabl Sync="TRUE">EDIT_DATE</attrlabl><attwidth Sync="TRUE">8</attwidth><atoutwid Sync="TRUE">10</atoutwid><attrtype Sync="TRUE">Date</attrtype></attr><attr><attrlabl Sync="TRUE">ORIGIN</attrlabl><attwidth Sync="TRUE">3</attwidth><atoutwid Sync="TRUE">3</atoutwid><attrtype Sync="TRUE">Character</attrtype></attr><attr><attrlabl Sync="TRUE">SYMBOL</attrlabl><attwidth Sync="TRUE">3</attwidth><atoutwid Sync="TRUE">3</atoutwid><attrtype Sync="TRUE">Integer</attrtype></attr><attr><attrlabl Sync="TRUE">R/T_OWNER</attrlabl><attwidth Sync="TRUE">1</attwidth><atoutwid Sync="TRUE">2</atoutwid><attrtype Sync="TRUE">Integer</attrtype></attr><attr><attrlabl Sync="TRUE">ROAD_NO</attrlabl><attwidth Sync="TRUE">7</attwidth><atoutwid Sync="TRUE">7</atoutwid><attrtype Sync="TRUE">Character</attrtype></attr><attr><attrlabl Sync="TRUE">ROAD_NAME</attrlabl><attwidth Sync="TRUE">30</attwidth><atoutwid Sync="TRUE">30</atoutwid><attrtype Sync="TRUE">Character</attrtype></attr><attr><attrlabl Sync="TRUE">TRAIL_NO</attrlabl><attwidth Sync="TRUE">7</attwidth><atoutwid Sync="TRUE">7</atoutwid><attrtype Sync="TRUE">Character</attrtype></attr><attr><attrlabl Sync="TRUE">TRAIL_NAME</attrlabl><attwidth Sync="TRUE">30</attwidth><atoutwid Sync="TRUE">30</atoutwid><attrtype Sync="TRUE">Character</attrtype></attr><attr><attrlabl Sync="TRUE">CLOSURE_STATUS</attrlabl><attwidth Sync="TRUE">1</attwidth><atoutwid Sync="TRUE">1</atoutwid><attrtype Sync="TRUE">Character</attrtype></attr><attr><attrlabl Sync="TRUE">IMPROVE</attrlabl><attwidth Sync="TRUE">1</attwidth><atoutwid Sync="TRUE">1</atoutwid><attrtype Sync="TRUE">Character</attrtype></attr><attr><attrlabl Sync="TRUE">SCL</attrlabl><attwidth Sync="TRUE">1</attwidth><atoutwid Sync="TRUE">1</atoutwid><attrtype Sync="TRUE">Integer</attrtype></attr><attr><attrlabl Sync="TRUE">SOURCE</attrlabl><attwidth Sync="TRUE">5</attwidth><atoutwid Sync="TRUE">5</atoutwid><attrtype Sync="TRUE">Character</attrtype></attr><attr><attrlabl Sync="TRUE">STREAM_NAME</attrlabl><attwidth Sync="TRUE">30</attwidth><atoutwid Sync="TRUE">30</atoutwid><attrtype Sync="TRUE">Character</attrtype></attr><attr><attrlabl Sync="TRUE">CLASS</attrlabl><attwidth Sync="TRUE">1</attwidth><atoutwid Sync="TRUE">1</atoutwid><attrtype Sync="TRUE">Character</attrtype></attr><attr><attrlabl Sync="TRUE">STREAM_ORDER</attrlabl><attwidth Sync="TRUE">1</attwidth><atoutwid Sync="TRUE">2</atoutwid><attrtype Sync="TRUE">Integer</attrtype></attr><attr><attrlabl Sync="TRUE">SITUATION</attrlabl><attwidth Sync="TRUE">1</attwidth><atoutwid Sync="TRUE">2</atoutwid><attrtype Sync="TRUE">Integer</attrtype></attr><attr><attrlabl Sync="TRUE">FISH_HAB</attrlabl><attwidth Sync="TRUE">3</attwidth><atoutwid Sync="TRUE">3</atoutwid><attrtype Sync="TRUE">Character</attrtype></attr><attr><attrlabl Sync="TRUE">LINE_TYPE</attrlabl><attwidth Sync="TRUE">1</attwidth><atoutwid Sync="TRUE">1</atoutwid><attrtype Sync="TRUE">Integer</attrtype></attr><attr><attrlabl Sync="TRUE">RW-ID</attrlabl><attwidth Sync="TRUE">20</attwidth><atoutwid Sync="TRUE">20</atoutwid><attrtype Sync="TRUE">Character</attrtype></attr><attr><attrlabl Sync="TRUE">PR_CODE</attrlabl><attwidth Sync="TRUE">1</attwidth><atoutwid Sync="TRUE">1</atoutwid><attrtype Sync="TRUE">Integer</attrtype></attr><attr><attrlabl Sync="TRUE">R/T</attrlabl><attwidth Sync="TRUE">1</attwidth><atoutwid Sync="TRUE">1</atoutwid><attrtype Sync="TRUE">Integer</attrtype></attr><attr><attrlabl Sync="TRUE">EPH</attrlabl><attwidth Sync="TRUE">1</attwidth><atoutwid Sync="TRUE">1</atoutwid><attrtype Sync="TRUE">Integer</attrtype></attr><attr><attrlabl Sync="TRUE">UO</attrlabl><attwidth Sync="TRUE">6</attwidth><atoutwid Sync="TRUE">6</atoutwid><attrtype Sync="TRUE">Character</attrtype></attr></detailed><detailed Name="nfown.nat"><enttyp><enttypl Sync="TRUE">nfown.nat</enttypl><enttypt Sync="TRUE">Feature Class</enttypt><enttypc Sync="TRUE">53500</enttypc></enttyp><attr><attrlabl Sync="TRUE">FID</attrlabl><attalias Sync="TRUE">FID</attalias><attrtype Sync="TRUE">OID</attrtype><attwidth Sync="TRUE">4</attwidth><atprecis Sync="TRUE">0</atprecis><attscale Sync="TRUE">0</attscale><attrdef Sync="TRUE">Internal feature number.</attrdef><attrdefs Sync="TRUE">ESRI</attrdefs><attrdomv><udom Sync="TRUE">Sequential unique whole numbers that are automatically generated.</udom></attrdomv></attr><attr><attrlabl Sync="TRUE">Shape</attrlabl><attalias Sync="TRUE">Shape</attalias><attrtype Sync="TRUE">Geometry</attrtype><attwidth Sync="TRUE">0</attwidth><atprecis Sync="TRUE">0</atprecis><attscale Sync="TRUE">0</attscale><attrdef Sync="TRUE">Feature geometry.</attrdef><attrdefs Sync="TRUE">ESRI</attrdefs><attrdomv><udom Sync="TRUE">Coordinates defining the features.</udom></attrdomv></attr><attr><attrlabl Sync="TRUE">ARC#</attrlabl><attwidth Sync="TRUE">4</attwidth><atoutwid Sync="TRUE">5</atoutwid><attrtype Sync="TRUE">Binary</attrtype><atnumdec Sync="TRUE">5</atnumdec><attrdef Sync="TRUE">Area of feature in internal units squared.</attrdef><attrdefs Sync="TRUE">ESRI</attrdefs><attrdomv><udom Sync="TRUE">Positive real numbers that are automatically generated.</udom></attrdomv></attr><attr><attrlabl Sync="TRUE">NFOWN#</attrlabl><attwidth Sync="TRUE">4</attwidth><atoutwid Sync="TRUE">5</atoutwid><attrtype Sync="TRUE">Binary</attrtype><atnumdec Sync="TRUE">5</atnumdec><attrdef Sync="TRUE">Internal feature number.</attrdef><attrdefs Sync="TRUE">ESRI</attrdefs><attrdomv><udom Sync="TRUE">Sequential unique whole numbers that are automatically generated.</udom></attrdomv></attr><attr><attrlabl Sync="TRUE">NFOWN-ID</attrlabl><attwidth Sync="TRUE">4</attwidth><atoutwid Sync="TRUE">5</atoutwid><attrtype Sync="TRUE">Binary</attrtype><attrdef Sync="TRUE">User-defined feature number.</attrdef><attrdefs Sync="TRUE">ESRI</attrdefs><attrdomv><udom Sync="TRUE">Sequential unique whole numbers that are automatically generated.</udom></attrdomv></attr><attr><attrlabl Sync="TRUE">NFOWN-ID</attrlabl><attwidth Sync="TRUE">4</attwidth><atoutwid Sync="TRUE">5</atoutwid><attrtype Sync="TRUE">Binary</attrtype><attrdef Sync="TRUE">User-defined feature number.</attrdef><attrdefs Sync="TRUE">ESRI</attrdefs></attr><attr><attrlabl Sync="TRUE">STATUS</attrlabl><attwidth Sync="TRUE">4</attwidth><atoutwid Sync="TRUE">4</atoutwid><attrtype Sync="TRUE">Character</attrtype></attr><attr><attrlabl Sync="TRUE">MANAGED</attrlabl><attwidth Sync="TRUE">30</attwidth><atoutwid Sync="TRUE">30</atoutwid><attrtype Sync="TRUE">Character</attrtype></attr><attr><attrlabl Sync="TRUE">FOREST</attrlabl><attwidth Sync="TRUE">2</attwidth><atoutwid Sync="TRUE">2</atoutwid><attrtype Sync="TRUE">Character</attrtype></attr></detailed><overview><dsoverv>Polygon coverage of George Washington and Jefferson National Forests - National Forest Ownerships.  The boundary encompassing the National Forest System lands within the original proclaimed National Forests, along with the subsequent Executive Orders, Proclamationa, Public Laws, Public Land Orders, Secretary of Agriculture Orders, and secretary of Interior orders creating modifications thereto, along with lands added to the NFS which have taken on the status of "reserved from public domain" under the authority of the General Exchange Act.</dsoverv><eadetcit>Coverage is considered complete only within National Forest ownership boundaries. Updates may be applied without notice. Users are advised to fully and carefully read the Distribution metadata before using this data.</eadetcit></overview><detailed Name="nfown.nat"><enttyp><enttypl Sync="TRUE">nfown.nat</enttypl><enttypt Sync="TRUE">Feature Class</enttypt><enttypc Sync="TRUE">62103</enttypc></enttyp><attr><attrlabl Sync="TRUE">FID</attrlabl><attalias Sync="TRUE">FID</attalias><attrtype Sync="TRUE">OID</attrtype><attwidth Sync="TRUE">4</attwidth><atprecis Sync="TRUE">0</atprecis><attscale Sync="TRUE">0</attscale><attrdef Sync="TRUE">Internal feature number.</attrdef><attrdefs Sync="TRUE">ESRI</attrdefs><attrdomv><udom Sync="TRUE">Sequential unique whole numbers that are automatically generated.</udom></attrdomv></attr><attr><attrlabl Sync="TRUE">Shape</attrlabl><attalias Sync="TRUE">Shape</attalias><attrtype Sync="TRUE">Geometry</attrtype><attwidth Sync="TRUE">0</attwidth><atprecis Sync="TRUE">0</atprecis><attscale Sync="TRUE">0</attscale><attrdef Sync="TRUE">Feature geometry.</attrdef><attrdefs Sync="TRUE">ESRI</attrdefs><attrdomv><udom Sync="TRUE">Coordinates defining the features.</udom></attrdomv></attr><attr><attrlabl Sync="TRUE">ARC#</attrlabl><attwidth Sync="TRUE">4</attwidth><atoutwid Sync="TRUE">5</atoutwid><attrtype Sync="TRUE">Binary</attrtype></attr><attr><attrlabl Sync="TRUE">NFOWN#</attrlabl><attwidth Sync="TRUE">4</attwidth><atoutwid Sync="TRUE">5</atoutwid><attrtype Sync="TRUE">Binary</attrtype><attrdef Sync="TRUE">Internal feature number.</attrdef><attrdefs Sync="TRUE">ESRI</attrdefs><attrdomv><udom Sync="TRUE">Sequential unique whole numbers that are automatically generated.</udom></attrdomv></attr><attr><attrlabl Sync="TRUE">NFOWN-ID</attrlabl><attwidth Sync="TRUE">4</attwidth><atoutwid Sync="TRUE">5</atoutwid><attrtype Sync="TRUE">Binary</attrtype><attrdef Sync="TRUE">User-defined feature number.</attrdef><attrdefs Sync="TRUE">ESRI</attrdefs></attr></detailed></eainfo><distinfo><stdorder><digform><digtinfo><transize Sync="TRUE">7.238</transize><dssize Sync="TRUE">7.238</dssize></digtinfo></digform></stdorder><distrib><cntinfo><cntperp><cntper>James O'Hear</cntper><cntorg>George Washington and Jefferson National Forests</cntorg></cntperp><cntpos>Geograhper (GIS Database Administrator)</cntpos><cntaddr><addrtype>mailing and physical address</addrtype><address>401 Oakwood Drive</address><city>Harrisonburg</city><state>Virginia</state><postal>22801</postal><country>United States of America</country></cntaddr><cntvoice>(540) 432-8266</cntvoice><cntfax>(540) 432-1917</cntfax><cntemail>johear/r8_gwjeff_dryriver@fs.fed.us</cntemail><hours>9:00 AM - 16:00 PM (Mon thru Friday)</hours><cntinst>Contact via email.</cntinst></cntinfo></distrib><resdesc>Polygon coverage of George Washington and Jefferson National Forests - National Forest Ownerships.</resdesc><distliab>The Forest Service cannot assure the accuracy, completeness, reliability, or suitability of this information for any other purpose than that reported. The recipient may neither assert any proprietary rights to this information nor represent it to anyone as other than Government-produced information. The Forest Service shall not be liable for any activity involving this information with respect to lost profits, lost savings or any other consequential damages.</distliab><custom>George Washington and Jefferson National Forests.</custom><techpreq>ARC/INFO version 8.3</techpreq><availabl><timeinfo><sngdate><caldate>unknown</caldate><time>unknown</time></sngdate></timeinfo></availabl></distinfo><dataqual><lineage><srcinfo><srccite><citeinfo><origin>George Washington and Jefferson National Forests</origin><pubdate>Unknown</pubdate><pubtime>Unknown</pubtime><title>nfown_orig</title><edition>Unknown</edition><geoform>map</geoform><serinfo><sername>None</sername><issue>None</issue></serinfo><pubinfo><pubplace>Roanoke, Virginia</pubplace><publish>George Washington and Jefferson National Forests</publish></pubinfo><othercit>None</othercit><onlink>URL:http://www.fs.fed.us/gwjnf/ftp</onlink></citeinfo></srccite><srcscale>24,000</srcscale><typesrc>Mylar and Paper</typesrc><srctime><timeinfo><sngdate><caldate>unknown</caldate><time>unknown</time></sngdate></timeinfo><srccurr>Various</srccurr></srctime><srccitea>Quads</srccitea><srccontr>Base Map</srccontr></srcinfo><procstep><proccont><cntinfo><cntperp><cntper>James O'Hear</cntper><cntorg>George Washington and Jefferson National Forests</cntorg></cntperp><cntpos>Geographer (GIS Database Administrator)</cntpos><cntaddr><addrtype>mailing and physical address</addrtype><address>401 Oakwood Drive</address><city>Harrisonburg</city><state>Virginia</state><postal>22801</postal><country>United States of America</country></cntaddr><cntvoice>(540) 432-8266</cntvoice><cntfax>(540) 432-1917</cntfax><cntemail>johear/r8_gwjeff_dryriver@fs.fed.us</cntemail><hours>9:00 AM - 16:00 PM (Mon thru Friday)</hours><cntinst>Contact via email.</cntinst></cntinfo></proccont><procdesc>Spatial data were field collected, tranferred to USGS 1:24,000 7.5 Minute Quads and manually digitized from base maps in ArcEdit. Attributes were manually entered from field observation data in Tables or ArcEdit.</procdesc><procsv>ARC/INFO version 8.3</procsv><srcused>Quads</srcused><procdate>Unknown</procdate></procstep><procstep><procdesc Sync="TRUE">Dataset copied.</procdesc><srcused Sync="TRUE"></srcused><date Sync="TRUE">20060714</date><time Sync="TRUE">13475300</time></procstep></lineage><attracc><attraccr>Area, Perimeter, and Length derived from software.  Other attributes were coded and checked by GIS Staff.</attraccr><qattracc><attraccv>Polygon and chain-node topology present.</attraccv><attracce>Coverage is considered complete only within National Forest ownership boundaries. Updates may be applied without notice. Users are advised to fully and carefully read the Distribution metadata before using this data.</attracce></qattracc></attracc><logic>Point features present.</logic><complete>Coverage is considered complete only within National Forest ownership boundaries.  Updates may be applied without notice.  Users are adviced to fully and carefully read distribution metadata before using this data.</complete><posacc><horizpa><horizpar>Targeted to National Map Accuracy Standards (NMAS).</horizpar></horizpa></posacc></dataqual><dataIdInfo><envirDesc Sync="TRUE">Microsoft Windows 2000 Version 5.0 (Build 2195) Service Pack 4; ESRI ArcCatalog 9.0.0.535</envirDesc><dataLang><languageCode Sync="TRUE" value="en"></languageCode></dataLang><idCitation><resTitle Sync="TRUE">nfown</resTitle><presForm><PresFormCd Sync="TRUE" value="005"></PresFormCd></presForm></idCitation><spatRpType><SpatRepTypCd Sync="TRUE" value="001"></SpatRepTypCd></spatRpType><dataExt><geoEle><GeoBndBox esriExtentType="native"><westBL Sync="TRUE">323648.662398</westBL><eastBL Sync="TRUE">735071.289562</eastBL><northBL Sync="TRUE">4334864.974467</northBL><southBL Sync="TRUE">4049267.901683</southBL><exTypeCode Sync="TRUE">1</exTypeCode></GeoBndBox></geoEle></dataExt><geoBox esriExtentType="decdegrees"><westBL Sync="TRUE">-83.040671</westBL><eastBL Sync="TRUE">-78.28047</eastBL><northBL Sync="TRUE">39.162999</northBL><southBL Sync="TRUE">36.559941</southBL><exTypeCode Sync="TRUE">1</exTypeCode></geoBox></dataIdInfo><mdLang><languageCode Sync="TRUE" value="en"></languageCode></mdLang><mdStanName Sync="TRUE">ISO 19115 Geographic Information - Metadata</mdStanName><mdStanVer Sync="TRUE">DIS_ESRI1.0</mdStanVer><mdChar><CharSetCd Sync="TRUE" value="004"></CharSetCd></mdChar><mdHrLv><ScopeCd Sync="TRUE" value="005"></ScopeCd></mdHrLv><mdHrLvName Sync="TRUE">dataset</mdHrLvName><distInfo><distributor><distorTran><onLineSrc><orDesc Sync="TRUE">002</orDesc><linkage Sync="TRUE">file://</linkage><protocol Sync="TRUE">Local Area Network</protocol></onLineSrc><transSize Sync="TRUE">7.238</transSize></distorTran><distorFormat><formatName Sync="TRUE">ArcInfo Coverage</formatName></distorFormat></distributor></distInfo><refSysInfo><RefSystem><refSysID><identCode Sync="TRUE">NAD_1983_UTM_Zone_17N</identCode></refSysID></RefSystem></refSysInfo><spatRepInfo><VectSpatRep><topLvl><TopoLevCd Sync="TRUE" value="004"></TopoLevCd></topLvl><geometObjs Name="arc"><geoObjTyp><GeoObjTypCd Sync="TRUE" value="003"></GeoObjTypCd></geoObjTyp><geoObjCnt Sync="TRUE">53738</geoObjCnt></geometObjs><geometObjs Name="label"><geoObjTyp><GeoObjTypCd Sync="TRUE" value="004"></GeoObjTypCd></geoObjTyp><geoObjCnt Sync="TRUE">799</geoObjCnt></geometObjs><geometObjs Name="polygon"><geoObjTyp><GeoObjTypCd Sync="TRUE" value="002"></GeoObjTypCd></geoObjTyp><geoObjCnt Sync="TRUE">799</geoObjCnt></geometObjs><geometObjs Name="node"><geoObjTyp><GeoObjTypCd Sync="TRUE" value="004"></GeoObjTypCd></geoObjTyp><geoObjCnt Sync="TRUE">53500</geoObjCnt></geometObjs><geometObjs Name="tic"><geoObjTyp><GeoObjTypCd Sync="TRUE" value="004"></GeoObjTypCd></geoObjTyp><geoObjCnt Sync="TRUE">1606</geoObjCnt></geometObjs><geometObjs Name="annotation"><geoObjTyp><GeoObjTypCd Sync="TRUE" value="004"></GeoObjTypCd></geoObjTyp><geoObjCnt Sync="TRUE">0</geoObjCnt></geometObjs></VectSpatRep></spatRepInfo><mdDateSt Sync="TRUE">20060112</mdDateSt></metadata>
