<metadata xml:lang="en"><Esri><CreaDate>20130402</CreaDate><CreaTime>13390800</CreaTime><ArcGISFormat>1.0</ArcGISFormat><SyncOnce>FALSE</SyncOnce><DataProperties><lineage><Process ToolSource="c:\program files (x86)\arcgis\desktop10.0\ArcToolbox\Toolboxes\Conversion Tools.tbx\RasterToPolygon" Date="20121219" Time="230601">RasterToPolygon VA_CDL_2011_Open_WGS D:\CEB\MAL_img\NASS_CDL\CDL_Recalc.gdb\VA_CDL_2011_Open_WGS_h1 NO_SIMPLIFY Value</Process><Process ToolSource="c:\program files (x86)\arcgis\desktop10.0\ArcToolbox\Toolboxes\Data Management Tools.tbx\Merge" Date="20121220" Time="103100">Merge 'New Group Layer\VA_CDL_2011_Open_WGS_h1';'New Group Layer\VA_CDL_2011_Open_WGS_h2p1';'New Group Layer\VA_CDL_2011_Open_WGS_h2p21';'New Group Layer\VA_CDL_2011_Open_WGS_h2p22' D:\CEB\MAL_img\NASS_CDL\CDL_Recalc.gdb\VA_CDL_2011_Open_poly_WGS "Id "Id" true true false 4 Long 0 0 ,First,#,New Group Layer\VA_CDL_2011_Open_WGS_h1,Id,-1,-1,New Group Layer\VA_CDL_2011_Open_WGS_h2p1,Id,-1,-1,New Group Layer\VA_CDL_2011_Open_WGS_h2p21,Id,-1,-1,New Group Layer\VA_CDL_2011_Open_WGS_h2p22,Id,-1,-1;grid_code "grid_code" true true false 4 Long 0 0 ,First,#,New Group Layer\VA_CDL_2011_Open_WGS_h1,grid_code,-1,-1,New Group Layer\VA_CDL_2011_Open_WGS_h2p1,grid_code,-1,-1,New Group Layer\VA_CDL_2011_Open_WGS_h2p21,grid_code,-1,-1,New Group Layer\VA_CDL_2011_Open_WGS_h2p22,grid_code,-1,-1;Shape_Length "Shape_Length" false true true 8 Double 0 0 ,First,#,New Group Layer\VA_CDL_2011_Open_WGS_h1,Shape_Length,-1,-1,New Group Layer\VA_CDL_2011_Open_WGS_h2p1,Shape_Length,-1,-1,New Group Layer\VA_CDL_2011_Open_WGS_h2p21,Shape_Length,-1,-1,New Group Layer\VA_CDL_2011_Open_WGS_h2p22,Shape_Length,-1,-1;Shape_Area "Shape_Area" false true true 8 Double 0 0 ,First,#,New Group Layer\VA_CDL_2011_Open_WGS_h1,Shape_Area,-1,-1,New Group Layer\VA_CDL_2011_Open_WGS_h2p1,Shape_Area,-1,-1,New Group Layer\VA_CDL_2011_Open_WGS_h2p21,Shape_Area,-1,-1,New Group Layer\VA_CDL_2011_Open_WGS_h2p22,Shape_Area,-1,-1"</Process><Process ToolSource="c:\program files\arcgis\desktop10.0\ArcToolbox\Toolboxes\Analysis Tools.tbx\Clip" Date="20130329" Time="113313">Clip VA_CDL_2011_Open_only Work_Area_Selected C:\W_Drive\forest\management\Open_Lands\DOF_Work_Area_Open_Lands.gdb\Work_Area_Selected_Open #</Process><Process ToolSource="c:\program files\arcgis\desktop10.0\ArcToolbox\Toolboxes\Data Management Tools.tbx\RepairGeometry" Date="20130329" Time="115048">RepairGeometry Work_Area_Selected_Open DELETE_NULL</Process><Process ToolSource="c:\program files\arcgis\desktop10.0\ArcToolbox\Toolboxes\Analysis Tools.tbx\Intersect" Date="20130401" Time="122613">Intersect "Work_Area_Selected_Open #;Work_Area_Selected_3E_soilmu #" C:\W_Drive\forest\management\Open_Lands\DOF_Work_Area_Open_Lands.gdb\Work_Area_Selected_3E_Intersect ALL # INPUT</Process><Process ToolSource="c:\program files\arcgis\desktop10.0\ArcToolbox\Toolboxes\Data Management Tools.tbx\RepairGeometry" Date="20130402" Time="124956">RepairGeometry C:\W_Drive\forest\management\Open_Lands\DOF_Work_Area_Open_Lands.gdb\Work_Area_Selected_3E_Intersect DELETE_NULL</Process><Process ToolSource="c:\program files\arcgis\desktop10.0\ArcToolbox\Toolboxes\Data Management Tools.tbx\Dissolve" Date="20130402" Time="131013">Dissolve C:\W_Drive\forest\management\Open_Lands\DOF_Work_Area_Open_Lands.gdb\Work_Area_Selected_3E_Intersect C:\W_Drive\forest\management\Open_Lands\DOF_Work_Area_Open_Lands.gdb\Work_Area_Selected_3E_Dissolve # # SINGLE_PART DISSOLVE_LINES</Process><Process ToolSource="c:\program files\arcgis\desktop10.0\ArcToolbox\Toolboxes\Data Management Tools.tbx\AddField" Date="20130402" Time="131851">AddField C:\W_Drive\forest\management\Open_Lands\DOF_Work_Area_Open_Lands.gdb\Work_Area_Selected_3E_Dissolve GIS_Acres_LCC DOUBLE # # # # NULLABLE NON_REQUIRED #</Process><Process ToolSource="c:\program files\arcgis\desktop10.0\ArcToolbox\Toolboxes\Data Management Tools.tbx\CalculateField" Date="20130402" Time="133103">CalculateField C:\W_Drive\forest\management\Open_Lands\DOF_Work_Area_Open_Lands.gdb\Work_Area_Selected_3E_Dissolve GIS_Acres_LCC !shape.area@acres! PYTHON_9.3 #</Process><Process ToolSource="c:\program files\arcgis\desktop10.0\ArcToolbox\Toolboxes\Data Management Tools.tbx\Append" Date="20130402" Time="134020">Append Work_Area_Selected_2E_Dissolve Open_Lands_IFRIS NO_TEST "GIS_Acres_LCC "GIS_Acres_LCC" true true false 8 Double 0 0 ,First,#,C:\W_Drive\forest\management\Open_Lands\DOF_Work_Area_Open_Lands.gdb\Work_Area_Selected_2E_Dissolve,GIS_Acres_LCC,-1,-1;Shape_Length "Shape_Length" false true true 8 Double 0 0 ,First,#,C:\W_Drive\forest\management\Open_Lands\DOF_Work_Area_Open_Lands.gdb\Work_Area_Selected_2E_Dissolve,Shape_Length,-1,-1;Shape_Area "Shape_Area" false true true 8 Double 0 0 ,First,#,C:\W_Drive\forest\management\Open_Lands\DOF_Work_Area_Open_Lands.gdb\Work_Area_Selected_2E_Dissolve,Shape_Area,-1,-1" #</Process><Process ToolSource="c:\program files (x86)\arcgis\desktop10.0\ArcToolbox\Toolboxes\Analysis Tools.tbx\Clip" Date="20130916" Time="124626">Clip Open_Lands_IFRIS DOF_Work_Areas_2012 C:\Open_Lands\open_lands_rapidan_jefferson.shp #</Process></lineage><itemProps><itemName Sync="TRUE">open_lands_rapidan_jefferson</itemName><imsContentType Sync="TRUE">002</imsContentType><itemLocation><linkage Sync="TRUE">file://\\NG00175796\C$\Open_Lands\open_lands_rapidan_jefferson.shp</linkage><protocol Sync="TRUE">Local Area Network</protocol></itemLocation><nativeExtBox><westBL Sync="TRUE">-9015971.146000</westBL><eastBL Sync="TRUE">-8505268.264383</eastBL><southBL Sync="TRUE">4375326.225501</southBL><northBL Sync="TRUE">4701931.042336</northBL><exTypeCode Sync="TRUE">1</exTypeCode></nativeExtBox><itemSize Sync="TRUE">0.000</itemSize></itemProps><coordRef><type Sync="TRUE">Projected</type><geogcsn Sync="TRUE">GCS_North_American_1983</geogcsn><csUnits Sync="TRUE">Linear Unit: Meter (1.000000)</csUnits><projcsn Sync="TRUE">NAD_1983_Lambert_Conformal_Conic</projcsn><peXml Sync="TRUE">&lt;ProjectedCoordinateSystem xsi:type='typens:ProjectedCoordinateSystem' xmlns:xsi='http://www.w3.org/2001/XMLSchema-instance' xmlns:xs='http://www.w3.org/2001/XMLSchema' xmlns:typens='http://www.esri.com/schemas/ArcGIS/10.0'&gt;&lt;WKT&gt;PROJCS[&amp;quot;NAD_1983_Lambert_Conformal_Conic&amp;quot;,GEOGCS[&amp;quot;GCS_North_American_1983&amp;quot;,DATUM[&amp;quot;D_North_American_1983&amp;quot;,SPHEROID[&amp;quot;GRS_1980&amp;quot;,6378137.0,298.257222101]],PRIMEM[&amp;quot;Greenwich&amp;quot;,0.0],UNIT[&amp;quot;Degree&amp;quot;,0.0174532925199433]],PROJECTION[&amp;quot;Lambert_Conformal_Conic&amp;quot;],PARAMETER[&amp;quot;False_Easting&amp;quot;,0.0],PARAMETER[&amp;quot;False_Northing&amp;quot;,0.0],PARAMETER[&amp;quot;Central_Meridian&amp;quot;,-79.5],PARAMETER[&amp;quot;Standard_Parallel_1&amp;quot;,37.0],PARAMETER[&amp;quot;Standard_Parallel_2&amp;quot;,39.5],PARAMETER[&amp;quot;Latitude_Of_Origin&amp;quot;,36.0],UNIT[&amp;quot;Meter&amp;quot;,1.0]]&lt;/WKT&gt;&lt;XOrigin&gt;-37232800&lt;/XOrigin&gt;&lt;YOrigin&gt;-28884600&lt;/YOrigin&gt;&lt;XYScale&gt;120957855.10008635&lt;/XYScale&gt;&lt;ZOrigin&gt;-100000&lt;/ZOrigin&gt;&lt;ZScale&gt;10000&lt;/ZScale&gt;&lt;MOrigin&gt;-100000&lt;/MOrigin&gt;&lt;MScale&gt;10000&lt;/MScale&gt;&lt;XYTolerance&gt;0.001&lt;/XYTolerance&gt;&lt;ZTolerance&gt;0.001&lt;/ZTolerance&gt;&lt;MTolerance&gt;0.001&lt;/MTolerance&gt;&lt;HighPrecision&gt;true&lt;/HighPrecision&gt;&lt;/ProjectedCoordinateSystem&gt;</peXml></coordRef></DataProperties><SyncDate>20130916</SyncDate><SyncTime>12454200</SyncTime><ModDate>20130916</ModDate><ModTime>12454200</ModTime><ArcGISstyle>FGDC CSDGM Metadata</ArcGISstyle></Esri><dataIdInfo><envirDesc Sync="TRUE">Microsoft Windows 7 Version 6.1 (Build 7601) Service Pack 1; ESRI ArcGIS 10.0.4.4000</envirDesc><dataLang><languageCode value="eng" Sync="TRUE"></languageCode><countryCode value="USA" Sync="TRUE"></countryCode></dataLang><idCitation><resTitle Sync="TRUE">open_lands_rapidan_jefferson</resTitle><presForm><PresFormCd value="005" Sync="TRUE"></PresFormCd></presForm></idCitation><spatRpType><SpatRepTypCd value="001" Sync="TRUE"></SpatRepTypCd></spatRpType><dataExt><geoEle><GeoBndBox esriExtentType="search"><exTypeCode Sync="TRUE">1</exTypeCode><westBL Sync="TRUE">-80.991847</westBL><eastBL Sync="TRUE">-76.404125</eastBL><northBL Sync="TRUE">38.862053</northBL><southBL Sync="TRUE">36.541047</southBL></GeoBndBox></geoEle></dataExt></dataIdInfo><mdLang><languageCode value="eng" Sync="TRUE"></languageCode><countryCode value="USA" Sync="TRUE"></countryCode></mdLang><distInfo><distFormat><formatName Sync="TRUE">Shapefile</formatName></distFormat><distTranOps><transSize Sync="TRUE">0.000</transSize></distTranOps></distInfo><mdHrLv><ScopeCd value="005" Sync="TRUE"></ScopeCd></mdHrLv><mdHrLvName Sync="TRUE">dataset</mdHrLvName><refSysInfo><RefSystem><refSysID><identCode code="3857" Sync="TRUE" value="0"></identCode><idCodeSpace Sync="TRUE">EPSG</idCodeSpace><idVersion Sync="TRUE">7.4.1</idVersion></refSysID></RefSystem></refSysInfo><spatRepInfo><VectSpatRep><geometObjs Name="open_lands_rapidan_jefferson"><geoObjTyp><GeoObjTypCd value="002" Sync="TRUE"></GeoObjTypCd></geoObjTyp><geoObjCnt Sync="TRUE">0</geoObjCnt></geometObjs><topLvl><TopoLevCd value="001" Sync="TRUE"></TopoLevCd></topLvl></VectSpatRep></spatRepInfo><spdoinfo><ptvctinf><esriterm><efeatyp Sync="TRUE">Simple</efeatyp><efeageom code="4" Sync="TRUE"></efeageom><esritopo Sync="TRUE">FALSE</esritopo><efeacnt Sync="TRUE">0</efeacnt><spindex Sync="TRUE">FALSE</spindex><linrefer Sync="TRUE">FALSE</linrefer></esriterm></ptvctinf></spdoinfo><eainfo><detailed Name="open_lands_rapidan_jefferson"><enttyp><enttypl Sync="TRUE">open_lands_rapidan_jefferson</enttypl><enttypt Sync="TRUE">Feature Class</enttypt><enttypc Sync="TRUE">0</enttypc></enttyp><attr><attrlabl Sync="TRUE">FID</attrlabl><attalias Sync="TRUE">FID</attalias><attrtype Sync="TRUE">OID</attrtype><attwidth Sync="TRUE">4</attwidth><atprecis Sync="TRUE">0</atprecis><attscale Sync="TRUE">0</attscale><attrdef Sync="TRUE">Internal feature number.</attrdef><attrdefs Sync="TRUE">ESRI</attrdefs><attrdomv><udom Sync="TRUE">Sequential unique whole numbers that are automatically generated.</udom></attrdomv></attr><attr><attrlabl Sync="TRUE">Shape</attrlabl><attalias Sync="TRUE">Shape</attalias><attrtype Sync="TRUE">Geometry</attrtype><attwidth Sync="TRUE">0</attwidth><atprecis Sync="TRUE">0</atprecis><attscale Sync="TRUE">0</attscale><attrdef Sync="TRUE">Feature geometry.</attrdef><attrdefs Sync="TRUE">ESRI</attrdefs><attrdomv><udom Sync="TRUE">Coordinates defining the features.</udom></attrdomv></attr><attr><attrlabl Sync="TRUE">GIS_Acres_</attrlabl><attalias Sync="TRUE">GIS_Acres_</attalias><attrtype Sync="TRUE">Double</attrtype><attwidth Sync="TRUE">19</attwidth><atprecis Sync="TRUE">0</atprecis><attscale Sync="TRUE">0</attscale></attr><attr><attrlabl Sync="TRUE">Shape_Leng</attrlabl><attalias Sync="TRUE">Shape_Leng</attalias><attrtype Sync="TRUE">Double</attrtype><attwidth Sync="TRUE">19</attwidth><atprecis Sync="TRUE">0</atprecis><attscale Sync="TRUE">0</attscale></attr><attr><attrlabl Sync="TRUE">Shape_Area</attrlabl><attalias Sync="TRUE">Shape_Area</attalias><attrtype Sync="TRUE">Double</attrtype><attwidth Sync="TRUE">19</attwidth><atprecis Sync="TRUE">0</atprecis><attscale Sync="TRUE">0</attscale><attrdef Sync="TRUE">Area of feature in internal units squared.</attrdef><attrdefs Sync="TRUE">ESRI</attrdefs><attrdomv><udom Sync="TRUE">Positive real numbers that are automatically generated.</udom></attrdomv></attr></detailed></eainfo><mdDateSt Sync="TRUE">20130916</mdDateSt></metadata>
